{"cameraMode":{"drawMode":0,"name":"Shaded","section":"Shading Mode"},"sceneLighting":false,"audioPlay":false,"sceneViewState":{"m_AlwaysRefresh":false,"showFog":true,"showSkybox":false,"showFlares":true,"showImageEffects":true,"showParticleSystems":true,"showVisualEffectGraphs":true,"m_FxEnabled":true},"in2DMode":false,"pivot":{"x":0.030199289321899415,"y":6.075058937072754,"z":0.23501968383789063},"rotation":{"x":0.016128653660416604,"y":0.846187949180603,"z":-0.5320630669593811,"w":0.02564726583659649},"size":19.13262367248535,"orthographic":false}