{"cameraMode":{"drawMode":0,"name":"Shaded","section":"Shading Mode"},"sceneLighting":false,"audioPlay":false,"sceneViewState":{"m_AlwaysRefresh":false,"showFog":true,"showSkybox":false,"showFlares":true,"showImageEffects":true,"showParticleSystems":true,"showVisualEffectGraphs":true,"m_FxEnabled":true},"in2DMode":false,"pivot":{"x":0.030199289321899415,"y":5.624795913696289,"z":0.23501968383789063},"rotation":{"x":0.0104474863037467,"y":0.9026615023612976,"z":-0.42971810698509219,"w":0.02193857543170452},"size":17.274423599243165,"orthographic":false}